sentence,hate,category
ржпрждрзНрждрж╕ржм ржкрж╛ржкржи рж╢рж╛рж▓рж╛рж░ ржлрж╛ржЬрж▓рж╛ржорзА!!!!!,1,sports
ржкрж╛ржкржи рж╢рж╛рж▓рж╛ рж░рзЗ рж░рж┐ржорж╛ржирзНржбрзЗ ржирзЗржУрзЯрж╛ ржжрж░ржХрж╛рж░,1,sports
ржЬрж┐рж▓рзНрж▓рзБрж░ рж░рж╣ржорж╛ржи рж╕рзНржпрж╛рж░рзЗрж░ ржЫрзЗрж▓рзЗ ржПрждрзЛ ржмрзЬ ржЬрж╛рж░ржЬ рж╣ржмрзЗ ржПржЯрж╛ ржПржХржЯрж╛ ржжрзЗрж╢рзЗрж░ ржорж╛ржирзБрж╖ ржХрзЛржирзЛ ржжрж┐ржи ржУ ржнрж╛ржмрждрзЗ ржкрж╛рж░рзЗржирж┐редржзржирзНржпржмрж╛ржж рждрж╛рж╣рж╕рж┐ржи ржнрж╛ржЗред,1,sports
рж╢рж╛рж▓рж╛ рж▓рзБржЪрзНржЪрж╛ ржжрзЗржЦрждрзЗ ржкрж╛ржарж╛рж░ ржоржд ржжрзЗржЦрж╛ ржпрж╛рзЯ,1,sports
рждрзБржЗ рждрзЛ рж╢рж╛рж▓рж╛ ржЧрж╛ржЬрж╛ ржЦрж╛ржЗржЫржЪредрждрзБрж░ ржорж╛рж░ рж╣рзЗржбрж╛рзЯ ржЦрзЗрж▓ржмрзЗ рж╕рж╛ржХрж┐ржм,1,sports
ржПржЯрж╛ ржХрзБржи ржжрж░ржирзЗрж░ ржХрзЗрж▓рж╛ ржлрж╛ржЗржЬрж▓рж╛ржорж┐ рждрж╛рж╕рзНржХрж┐ржи рж░рзЗ ржЪрж░ ржорж╛рж░рж╛ ржжрж░ржХрж╛рж░,1,sports
ржкрж╛ржкржи ржнрж░ ржорж╛ржжрж╛ ржЪрзЛржж ржкрж╛ржкржирзЗ ржкржжрждрзЗржХ ржЪрж╛ржЗ,1,sports
ржжрзБрж░рзЛ рж╕рж╛рж▓рж╛рж░ ржкрзБржж ржЪрзБржкржерж╛ржХ,1,sports
ржХрзБрждрзНрждрж╛рж░ ржмрж╛ржЫржЪрж╛ ржкрж╛ржкржи,1,sports
ржмрж╛рж▓ ржЫрж╛рж▓ рждрж░ рж╕рж╛ржЙрзЯрж╛ЁЯШб,1,sports
рждрзЛрж░ ржХржкрж╛рж▓рзЗ ржЬрзБрждрж╛ ржорж╛рж░рж┐ рж╢рж╛рж▓рж╛рж░ ржкрзБржд,1,sports
ржкрж╛ржкржирзЗ ржкрж╛ржЧрж▓ рж╣рзЯрж╛ржЫрзЗ,1,sports
ржжрзЗржЦрзЗржЫрзЛ ржорж╛ржЧрж┐ ржирж╛ рж╣рж┐ржЬрж░рж╛ ржмрзЛржЭрж╛ ржпрж╛ржЪрзНржЫрзЗ ржирж╛ред ржжрзЗржЦрзЗ ржоржирзЗ рж╣ржЪрзНржЫрзЗ рж╣рж┐ржЬрж░рж╛,1,sports
рж╣рж╛рж▓рж╛рж░ ржкрзБ ржкрж╛ржкржи,1,sports
рж╢рж╛рж▓рж╛рзЯ ржПржЗ ржХрж╛рж░ржгрзЗржЗ ржЦрзЗрж▓рж╛рзЯ ржбрж╛ржмрзНржмрж╛ ржорж╛рж░рзЗЁЯШбЁЯШа,1,sports
ржмрзНржм,1,sports
ржкрж╛ржкржи рж╣рж╛рж▓рж╛рж░рзЗ ржмрзЗржЯ ржерзЗржХрзЗ ржЬрзБрждрж╛рж░ ржорж╛рж▓рж╛ ржжрж┐рзЯржПржЗ ржмрзЗрж░ ржХрж░рзЗ ржирж╛ ржХрзЗржирзЗ ржУрж░ ржХрж╛рж░ржирзЗ ржнрж╛рж▓ ржкрж┐рж▓рж┐ржЖрж░ ржЧрзБрж▓рзЛ ржЦрзЗрж▓рж╛ ржкрж╛рж░рзЗржирж╛,1,sports
ржкрж╛ржкржи ржорж╛ржШрж┐рж░ ржкрзБрждрзЗрж░ ржкрзЗржЯрзЗрж░ ржоржжрзНржжрзЗ ржжрзБрж░рзНржирж┐рждрж┐ ржнрж░рж╛,1,sports
ржкрж╛ржкржиржХрзЗ ржЬрзБрждрж╛рж░ ржорж╛рж▓рж╛ ржжрзЗрзЯрж╛ ржЬрж░рзБрж░,1,sports
ржЖржорж┐ рж╣рж▓рзЗ рждрзЛ ржЬрж╛рж░рж╕рж┐ ржкржбрж╝рж╛ рж▓рзЛржХржЯрж╛ржХрзЗ ржЪрзБржжрзЗржжрж┐рждрж╛ржо,1,sports
ржЗрзЯрзЗржЫрж┐рж░ ржЖрж▓рзА рж╣рж╛рж▓рж╛ ржЦрзЗрж▓рж╛ ржЬрж╛ржирзЗржирж╛,1,sports
ржХрзБрждрзНрждрж╛рж░ ржмрж╛ржЪрзНржЪрж╛ ржкрж╛ржкржи,1,sports
ржкрж╛ржкржи ржорж╛ржЧрж┐рж░ ржкрзЛрж▓рж╛рж░ ржПржЯрж╛ ржХрж░ржЫрзЗ,1,sports
ржорж╛ржЧрж┐рж░ ржкрзБрзЯрж╛,1,sports
ржХрзНрж░рж┐ржХрзЗржЯ ржоржирзЗ рж╣рзЯ ржУржирж╛рж░ ржмрж╛ржмрж╛рж░ рж╕ржорзНржкрждрзНрждрж┐ рж╣рж╛рж▓рж╛рж░ ржлрзБ,1,sports
ржмрж┐рж╕рж┐ржмрж┐рж░ рж╕ржмржХржЯрж╛ржЗ ржЪрзЛрж░ржорж╛ржжрж╛рж░ржЪрзЛржж,1,sports
ржХрзБржХрзБрж░рзЗрж░ ржЪрж╛ржЪрзНржЪрж╛ рждржжрзЗржХ ржХрж┐ рж╣рзЯржЪрзЗ ржиржмрзАржХрзЗ ржЧрж╛рж░рж┐ ржжрж┐рзЯрж╛ржЪрзЗ рждржжрзЗржХ ржХрж┐ржЪрзБ рж╣рзЯржирж┐ред ржЖрж░ рж╕рж╛ржжрж╛рж░ржи ржПржХржЯрж╛ ржорж╛ржирзБрж╖ржХрзЗ ржЧрж╛рж░рж┐ржжрж┐рзЯрзЗржЪрзЗ рждржжрзЗрж▓ ржПржд ржорж╛рждрж╛ ржмрзЗрждрж╛ ржмрзЗрж░рзЗ ржЧрзЗржЫрзЗред,1,sports
ржорзБрж╕ржлрж┐ржХ ржЪрзЗржбрзЗрж░ ржмрж╛рж▓ ржЖржорж╛рж░,1,sports
ржкрж╛ржкржи ржХрзЗ ржЦрзЗрж▓ржм?ржХрж┐ ржмрж▓рзЗржи ржЖржорж┐ ржХрж┐ржирзНрждрзБ рж╣рзЗржХрж╛рж░ ржпрзЗ ржЫрж╛ржЗрж▓рзЗ ржкрж╛ржкржиржХрзЗ ржорж╛ржЧрж┐рж░ ржжрж▓рж╛рж▓ ржмрж╛ржирж╛ржирзЛ ржХрзЛржи ржмрзЗржкрж╛рж░ржирж╛,1,sports
рж╕ржм ржорж╛ржирзБрж╖ ржЖржкржи рж╣рзЯ ржирж╛ ржЬрзЗржоржи ржкрж╛ржкржи ржЖржкржи рж╣ржЗрждрзЗ ржкрж╛рж░рзЗ ржирж╛ рж╢рж╛рж▓рж╛ рж╣рж╛рж░рж╛ржорж┐рж░ ржмрж╛ржЪрзНржЪрж╛,1,sports
рж╢рж╛рж▓рж╛ржпрж╝ ржЖржорж╛рж░ ржПржХржЯрж╛ ржкржЫржирзНржжрзЗрж░ ржкрзНрж▓рзЗржпрж╝рж╛рж░ ржЫрж┐рж▓ ржХрж┐ржирзНрждрзБ рж░рж╛рж╕рзНрждрж╛рж░ ржХрзБржХрзБрж░рзЗрж░ ржЪрзЗржпрж╝рзЗржУ ржЦрж╛рж░рж╛ржк ржЪрж░рж┐рждрзНрж░рж╣рзАржи ржПржХржЯрж╛,1,sports
ржПржЧрзЛрж▓рж┐ ржЫрж╛ржЧрж▓,1,sports
рждрж╛рж╕ржХрж┐ржи ржХрзЗ ржЖржорж┐ ржЕржирзЗржХ ржкржЫржирзНржж ржХрж░рждрж╛ржо ржХрж┐ржирзНрждрзБ рж╕рзЗ ржпрзЗ ржПржХржЯрж╛ ржорж╛ржжрж╛рж░рж┐ ржЪрзБржж рж╕рзЗржЯрж╛ ржЖржЧрзЗ ржЬрж╛ржирждрж╛ржо ржирж╛ред ржПржЗ рждрж╛ржкрзНржкрж░ ржЧрзБрж▓рзЛ рждрж╛рж╕ржХрж┐ржи ржХрзЗ ржорж╛рж░рж╛рж░ ржЙржЪрж┐ржд ржЫрж┐рж▓??????,1,sports
ржП рж╣рж╛рж▓рж╛рж░ ржШрж░рзЗрж░ рж╣рж╛рж▓рж╛,1,sports
ржП ржЖржЧрзЗржЗ рждрзЛ ржЬрж╛ржирждрзЛ рждрж╛рж░ржорж╛ржирзЗ ржкрж┐ржХрж╕рж┐ржВ ржХрж░ржЫрзЗ ржкрж╛ржкржи ржорж╛ржжрж╛рж░ рж╕рзБржж,1,sports
рж╕ржм ржарж┐ржХ ржЖржЫрзЗ рж╣рж┐ржЬрзЬрж╛рж░ ржХрж╛ржЫрзЗ ржмрж╛ржЪрзНржЪрж╛ ржЪрж╛ржУрзЯрж╛ржЯрж╛ ржарж┐ржХ ржирзЗржЗ,1,sports
ржкрж╛ржкржирзЗрж░ ржкржжрждрзНржпржХ ржЪрж╛ржЗ рж╢рж╛рж▓рж╛рзЯ ржЪрзЛрж░,1,sports
ржбрж┐рж╕рж┐ржкрж┐рж░ рж╢рж╛рж▓рж╛ ржЕржирзНрждрж░рзЗ ржЬрзБрждрж╛ ржорж╛рж░рж╛ ржЙржЪрж┐рждрзН,1,sports
ржЬрж╛рж░рзЗ рж╣рж╛рж▓рж╛рж░ржлрзБржд ржкрж╛ржкржирждрзБржЗ ржмрзЗрж╢рж┐ ржжрж┐ржи ржПржЗ ржЬрж╛ржЗржЧрж╛рзЯ рждрж╛ржХрждрзЗ ржкрж╛рж░ржмрж┐ ржирж╛рж▓рж╛ржЦ рж▓рж╛ржЦ ржорж╛ржирзБрж╖рзЗрж░ ржЕржнрж┐рж╕рж╛ржк ржжрзЗрзЯрж╛ ржЖржЫрзЗ рждрж░ ржЙржкрж░редредрж╕рж╛рж▓рж╛ ржлрж╣рж┐ржирзНржирж┐рж░ ржлрзБрждредредред,1,sports
ржжрж░рзНрж╢ржХ ржЫрж┐ржбрж╝рж╛ ржЬрзБрждрж╛ ржорж╛рж░рзЗ ржирж╛ржЗ рждрзЛ ржжрж░рзНрж╢ржХ ржнрж╛рж▓рзЛ ржЦрж╛рж░рж╛ржк ржоржирзНрждржмрзНржп ржХрж░рждрзЗ ржкрж╛рж░рзЗ ржПрждрзЗ ржжрзЛрж╖рзЗрж░ ржХрж┐ржЫрзБ ржирзЗржЗ ржЖржорж╛рж░ ржоржирзЗ рж╣ржпрж╝ ржорзБрж╢ржлрж┐ржХ ржЧрж╛ржБржЬрж╛ ржПржХржЯрзБ ржмрзЗрж╢рж┐ ржЦрж╛ржпрж╝ржЫрзЗ !!,1,sports
ржкрж╛ржкржи ржХрзБрждрзНрждрж╛рж░ ржмрж╛ржЪрзНржЪрж╛ ржПржЗ ржнрж┐ржбрж┐ржУ ржЯрж╛ ржжрзЗржЦржЫрзЗ ржХрж┐???,1,sports
рж╕рж╛ржХрж┐ржм ржирж╛ ржЦрзЗрж▓рж▓рзЗ ржмрж┐рж╕рж┐ржмрж┐рж░ ржЦрж╛ржиржХрж┐рж░ ржкрзЛрж▓рж╛рж░рж╛ ржЦрзЗрж▓ржмрзЗ,1,sports
ржкрж╛ржкрзНржкрзБрж░ ржЧрж╛рж▓рзЗ ржЬрзБрждрж╛ ржорж╛рж░рзЗ рждрж╛рж▓рзЗ рждрж╛рж▓рзЗредредржмрзЗрж╕рж╕рж╛рж░ ржкрзБрж▓рж╛?,1,sports
ржмрж╛рж▓ ржЬрж╛ржирзЗржи,1,sports
рж░рзБржмрзЗрж▓ рззржиржВ ржмрж╛ржЗржиржЪрзЛржж,1,sports
ржкрж╛ржкржи ржПржХржЯрж╛ ржЬрзБржпрж╝рж╛рж░рж┐ ржЬржжрж┐ рж╕рж╛ржХрж┐ржм ржХрзЗ ржнрж╛ржд ржжрзЗржпрж╝рж╛ рж╣ржпрж╝ рждрж╛рж╣рж▓рзЗ ржЬрж┐ржмржирзЗ ржХрзЛржирзЛ ржжрж┐ржи ржЬржжрж┐ рж╕рзБржЬржХ ржкрж╛ржЗ ржкрж╛ржкржирзЗрж░рзЗ ржжрзБржЗ ржЯрж╛ ржЬрзБрждрж╛рж░ ржмрж╛рж░рж┐ ржжрж┐ржорзБ,1,sports
рж╕рж╛рж▓рж╛рж░ ржкрзБрждрзЗрж░рж╛ ржЖрж░ ржЦрзЗрж▓рж╛ ржкрж╛ржЗрж▓рзЗрж╛ ржирж╛ ржорж╛рж░рж╛ ржорж╛рж░рж┐ ржЦрзЗрж▓рзЗред,1,sports
рж╕рж╛рж▓рж╛ ржЧрж╛ржЬрж╛ ржЦрзБрж░,1,sports
ржЧрж╛ржЬрж╛ ржЦрж╛ржЗржЪржЫ ржорж╛ржЧрж┐рж░ ржкрзЛрж▓рж╛ред,1,sports
ржЪрж╛ржоржЪрж╛ржЯрж╛ ржирж┐ржЬрзЗржХрзЗ ржирж┐ржЬрзЗ ржЕржирзЗржХ ржХрж┐ржЫрзБржЗ ржоржирзЗ ржХрж░рждрзЗржЫрзЗредрж╕рж╛рж▓рж╛ ржмрж╛ржмрж╛ржЦрзБрж░,1,sports
ржХрзБрждрзНрждрж╛ ржмрж╛ржЪрзНржЪрж╛ ржПржЗ рж░ржХржо ржирж┐ржЙржЬ ржжрж┐рж╕ ржЬржорзНржорзЗрж░ ржерж┐ржХ ржирж╛ржЗред,1,sports
ржкрж╛ржкржирзЗрж░ ржорзБржЦржЯрж╛ ржжрзЗржЦрзБржи ржирж┐ржЬрзЗрж░ ржЧржжрж┐ ржзрж░рзЗ ржХржЦржи ржЬрж╛ржирж┐ ржЯрж╛ржи ржорж╛рж░рзЗ рж╕рзЗржЗ ржЯрзЗржирж╢ржи ржзрж░рзЗ ржЧрзЗржЫрзЗ рж╢рж╛рж▓рж╛ ржЧрж╛ржБржЬрж╛ ржЦрзБрж░рж┐ ржХржерж╛ ржмрж╛рж░рзНрждрж╛ рждрзБржЗ ржЖржЧрзЗ ржкржжрждрзНржпрж╛ржЧ ржХрж░ ржжрзЗржЦ ржирждрзБржи ржХрзЗржЙ ржЖрж╕рж▓рзЗ ржХрж┐ ржнрж╛ржмрзЗ ржЪрж╛рж▓рж╛рзЯ,1,sports
"ржорж╛ржжрж╛рж░ржЪрзБржж <br />рж╢рж╛рж▓рж╛ ржнрж┐ржХрзНрж╖рж╛рж░рзАрж░ ржмрж╛ржЪрзНржЪрж╛<a href=""http://www.youtube.com/results?search_query=%23admin"">#admin</a>",1,sports
ржкрж╛ржкржирзЗрж░ ржорзЗрзЯрзЗ ржХрзЗ ржЪрзБржжрж┐ ржЕржирзЗржХ ржмрзЬ ржорж╛ржжрж╛ржжрж┐ржЪрзЛржж,1,sports
ржЖржкржирж╛рж░ ржХржерж╛ ржЧрзБрж▓рзЛ ржарж┐ржХ,1,sports
рж╕ржм ржХрж╛рж░рж╢рж╛ржЬрж┐ рж╣ржЪрзНржЫрзЗ ржкрж╛ржкржи ржорж╛ржжрж╛рж░ржЫрзЛржжрзЗрж░,1,sports
ржПржЗ ржЪрзБржжрж┐рж░ ржнрж╛ржЗ рждрзБржЗ ржХрзЛржерж╛рзЯ рж╢рзБржирж▓рж┐ рж╕рж╛ржХрж┐ржм ржЗржВрж▓рзНржпрж╛ржирзНржбрзЗрзЗрж░ рж╣рзЯрзЗ ржЦрзЗрж▓ржмрзЗ??ржХрзНржпрж╛ржкрж╢ржирждрзЛ ржжрж┐рзЯрзЗ ржмрж╕рж▓рж┐ред,1,sports
ржЖржорж┐ ржорзБрж╕ржлрж┐ржХрзЗрж░ ржЧрзБрж╕рзНржЯрж┐ ржЪрзБржжрж┐ред ржЖржорж╛рж░ ржПржЦржи ржмрж╛рж▓ ржлрж╛рж▓рж╛,1,sports
ржЦрж╛ржиржХрж┐рж░ ржкрзЛ рждрзЛ ржмрж╛ржЯ ржмрж╛ржЯ ржЪрзЛржжрж╛рж╕ ржХрзНржпржи ржмрж╕рж┐ ржмрж╛ржЯ ржмрж╛ржЯ ржХрж░рж▓рзЗ рждрзЛрж░ ржкрж╛ржЫрж╛рзЯ ржжрж┐ржорзБ ржкрзЗржкрзЗ ржЧрж╛ржЪрзЗрж░ ржбрж╛ржЯ,1,sports
ржХрзБрждрзНрждрж╛рж░ ржмрж╛ржЪрзНржЪрж╛рж░рзЗ рж╕рж░рж╛,1,sports
ржПржХрзЗржЗ ржмрж▓рзЗ ржХрзБрждрзНрждрж╛ ржнрж╛ржЧрзНржп ржХрж╛ржЗрж╢рзНржпрж╛рж░ ржорждрзЗ ржЯрж╛ ржорзНржпрж╛ржЪрзЗржЗ рж╕рзЗржЮрзНржЪрзБрж░рж┐ ржХрж░рждрзЗ ржкрж╛рж░рж▓ ржирж╛,1,sports
ржкрж╛ржкржи рж╕рж╛рж▓рж╛ ржкрж╛ржЧрж▓ рж╣рзЯрзЗ ржЧрзЗржЫрзЗ рж╕ржмрж╛ржЗ ржорж┐рж▓рзЗ ржПржХрзЗ ржЬрзБрждрж╛ ржорж╛рж░рзЛ,1,sports
ржмрж╛рж▓рзЗрз▒ рж╕рж╛ржВржмрж╛ржжрж┐ржХ рж╕рж╛ржмрзНржмрж┐рз▒ ржПрз▒ рж╢рзБржирж╛ржоржХрзЗ ржмрзНржпрж╛ржмрж╣рж╛рз▒ ржХрз▒рзЗ ржЕржирзЗржорзЗрзЯрзЗржЗ рж▓рж╛ржнржмрж╛ржи рж╣рждрзЗржЪрж╛рзЯ ржмрж░рзНрждржорж╛ржирзЗ рж╕рзЗрж▓рзЗржмрзНрз░рзЗржЯрзА ржХрзНрз░рж┐ржХрзЗржЯрж╛рз▒рз▒рж╛ржЗ рж╕ржмржЪрж╛ржЗрждрзЗ ржмрзЬ рз╖ржорзЗрзЯрзЗрз▒рж╛ржУ ржЬрж╛ржирзЗ ржЫрзЗрж▓рзЗржжрзЗрз▒ ржжрзВрж░рзНржмрж▓рждрж╛ ржХрж┐ ржмрж╛ржВрж▓рж╛ржжрзЗрж╢рзЗ рж╣рж╛рждрзЗржЧрзЛржирж╛ ржжрзБржПржХржЯрж╛ ржЫрж╛рзЬрж╛ рж╕ржмржХрзНрз░рж┐ржХрзЗржЯрж╛рз▒рз▒рж╛ржЗ ржПржзрз▒ржирзЗ ржЕржнрж┐ржпрзЛржЧрзЗ ржЕржнрж┐ржпрзБржХрзНржд рждрж╛ржЗржмрж▓рзЗ ржмрзНржпрж╛ржбржмрзЯ ржЙржкрж╛ржзрж┐ рж╣ржмрзЗржХрзЗржи ??? ржпржжрж┐ ржмрзНржпрж╛ржбрзЯ рж╣рзЯ рж╕рж╛ржмрзНржмрж┐рз▒ рждрж╛рж╣рж▓рзЗ рждрж╛рз▒рж╕рж╛ржерзЗ ржпрзЗ ржорзЗрзЯрзЗржЧрзБрж▓рж╛ ржорзЗрж▓рж╛ржорзЗрж╢рж╛ ржХрз▒рзЗржЫрзЗ рждрж╛рз▒рж╛ ржмрзНржпрж╛ржбржЧрж╛рж░рзНрж▓ рждрж╛ржжрзЗрз▒ ржирж╛ржо ржХрзЗржи ржЖрж╕рж▓рзЛржирж╛ ??? ржЕржирзЗржХ ржорзЗрзЯрзЗрз▒ ржЫржмрж┐ ржмрзНрж▓рж╛рз▒ ржХрз▒рж╛ ржХрж┐ржирзНрждрзБ рж╕рж╛ржмрзНржмрж┐рз▒рзЗ рж╕ржмрж┐ ржмрзНрж▓рж╛рз▒ ржХрзЗржи рж╣рж▓рзЛржирж╛ ? рждрж╛рж╣рж▓рзЗржХрж┐ рж╕ржорж╛ржЬрзЗ ржЫрзЗрж▓рзЗржжрзЗрз▒ ржХрзЛржи рж╕ржорзНржорж╛ржирзЗрз▒ ржжрж╛ржоржирзЗржЗ рж╢рзБржзрзБ ржорж╣рж┐рж▓рж╛рз▒ ржЗржЬрзНржЬрждрзЗрз▒ ржжрж╛ржоржЗ ржмрзЗрж╢рзА ржПржЯрж╛ржХрж┐ ржмрзИрж╖ржорзНржп ржорзВрж▓ржХ ржЖржЪрз▒ржи ржирзЯ ржЫрзЗрж▓рзЗржжрзЗрз▒ рж╕рж╛ржерзЗ ржПржЯрж╛ рж╣ржмрзЗржХрзЗржи ржпрждрж╕ржм ржлрж╛рж▓рждрзБ ржЪрзНржпрж╛ржирзЗрж▓,1,sports
рж░ржлрж┐ржХ ржЖржорж╛рж░ ржЪрзЗржЯрзЗрж░ ржмрж╛рж▓ЁЯР╕ржорзБрж╢рж┐ рж░рж┐рзЯрж╛ржж ржЯрж╛ржХрж╛ ржжрзЗ рждрж╛ржЗ рж╣рзЗрждрзЗ ржнрж╛ржм ржЪрзЛржжрж╛рзЯЁЯР╕,1,sports
ржПржЦрж╛ржирзЗ рж╕ржм ржХрзЯржЯрж╛ ржорж╛рж░рзЗ ржЪрзБржжрж┐,1,sports
рж╕рж╛рж▓рж╛ ржорж╛ржжрж╛рж░ ржЪрзЛржд,1,sports
"ржЫрж╛ржЧрж▓рзЗрж░ ржмрж╛ржЪрзНржЪрж╛рж░рж╛, рж╢рж┐рж░рзЛржирж╛ржо ржХрж┐ ржЖрж░ ржжрзЗржЦрж╛рзЯ ржХрж┐",1,sports
ржорзБрж╕ржлрж┐ржХ ржмрж╛рж▓ ржХрж╛ржорж╛ржЗржЫрзЗ,1,sports
ржорзБрж╕ржлрж┐ржХ ржЧрж░рзБрж░ ржорждрзЛ ржЪрж┐рж▓рзНрж▓рж╛ржЗрж▓рзЛ ЁЯШБ,1,sports
ржУржЗржжрж┐ржи рж░рж╛рждрзЗ ржпржжрж┐ ржЬрж┐рж▓рзНрж▓рзБрж░ рж░рж╣ржорж╛ржи ржХрж┐ржЫрзБ ржирж╛ ржХрж░рзЗ ржШрзБржорж┐рзЯрзЗ ржкрзЬрждрзЛ рждрж╛рж╣рж▓рзЗ ржЬрж╛рждрж┐ржХрзЗ ржЖржЬ ржПржоржи ржПржХржЯрж╛ ржХрзБрж▓рж╛ржВржЧрж╛рж░ ржжрзЗржЦрждрзЗ рж╣рждрзЛ ржирж╛,1,sports
ржмрж╛рж▓рзЗрж░ ржмрж╛рж▓ рж░рж╛ ржЧрж╛рж▓рж┐ ржжрж┐рж▓рзЗ ржХрж┐ ржПржоржи ржмрж╛рж▓ рж╣ржЗржЫрзЗ ржХрж╛рж░рзЗ ржЧрж╛рж▓рж┐ ржжрж┐ржЫрзЗ ржмрж╛рж▓,1,sports
ржкрзНрж▓рзЗрзЯрж╛рж░ржЧрзЛ ржкрзБржЯржХрж┐ ржорж╛рж░ ржЖрж░ ржП ржЗ ржЦрж╛ржиржХрж┐рж░ ржкрзБрж▓рж╛ржЧрзЛрж░рзЗржУ ржкрзБржЯржХрж┐ ржорж╛рж░,1,sports
рждржмрзЗ <br />рждрзЛрж░рж╛ рж╕ржоржпрж╝ ржЯрж┐ржнрж┐ржУ <br />ржоржирзЗ рж░рж╛ржЦ ржПржЗ рж╕рж╛ржмрзНржмрж┐рж░рзЗржУ ржПржХ рж╕ржоржпрж╝ ржнрж╛рж▓рзЛ рж╕ржоржпрж╝ ржЖрж╕ржмрзЗ ржпржжрж┐ржУ ржПржЦржи ржЦрж╛рж░рж╛ржк рж╕ржоржпрж╝ ржпрж╛ржЪрзНржЫрзЗ ред,1,sports
ржЦрзЗрж▓рзЛржпрж╝рж╛рж░ рж╣ржпрж╝рзЗржЫрзЗ ржХрж┐ ржмрж╛рж▓ ржлрж╛рж▓рж╛ржирж┐ ржЧрзЗржЫрзЗ,1,sports
рждрзЛрж░ ржорж╛рзЯрзЗрж░ ржнрзЛржжрж╛ ржжрж┐рзЯрж╛ ржХрж┐ рждрзБржЗ ржЬржирзНржо рж╣рзЯрзЗржЫрзЛржЪ ржирж╛ ржкрзБржЯржХрж┐ ржжрж┐рзЯрж╛ рждрзЛрж░ ржорж╛ ржмрзЛржирж░рзЗ ржХрзБрждрзНрждрж╛ ржжрж┐рзЯрж╛ ржЪрзЛржжрж╛ржЗ ржЦрж╛ржиржХрж┐рж░ ржкрзБржд рждрзБржЗ рж╕ржм рж╕ржорзЯ ржПржоржи ржЙрж▓рзНржЯрж╛ ржкрж╛рж▓рзНржЯрж╛ ржЬрж┐ржирж┐рж╕ ржЫрж╛рж░рзЛржЫ рждрзЛ ржХрж┐ ржЬрж┐ржмрзНржмрж╛рзЯ рждрзЛрж░ ржорж╛рзЯрзЗрж░ ржорж╛рж╕рж┐ржХ рж▓рж╛ржЧрж╛ржЗржЫрзЛржЪ ржирж╛ржХрж┐ ржХрзБрждрзНрждрж╛рж░ ржЪрзЛржжрж╛рзЯ ржЬржирзНржо рждрзЛрж░ ржЬрж┐ржмрзНржмрж╛ ржмрзЬ ржПржоржи рж▓рзЗрж╣рж╛ржЗрзЯрж╛ рж▓рзЗрж╣рж╛ржЗрзЯрж╛ ржЬрж┐ржмрзНржмрж╛рзЯ ржмрж╛ржЬрж╛ржЗрзЯрж╛ ржХржерж╛ ржЪрзЛржжрж╛ржЫ ржХрзЗржирзЛ,1,sports
рждрзБржЗ рж╣рж╛рж▓рж╛,1,sports
ржПржЯрж╛ ржЖрж╕рзНржерж╛ ржорж┐ржбрж┐рзЯрж╛рж░ ржорж╛ржЧрзА ред ржУржирж┐ ржПржЦржи ржЗрж╕рж▓рж╛ржорзЗрж░ ржмрзЛрж░ржХрж╛рж░ ржирж┐ржЫрзЗ рж╣рж╛ржирзНржжрж╛ржЗржЫрзЗ ред ржмрзЗрж╣рзЗрж╢рждрзЗрж░ ржкрзБрж░рзБрж╖ рж╣рзБрзБржБрж░рзЗрж░ ржЕржкрзЗржХрзНрж╖рж╛рзЯред ржУржирж╛рж░ ржПржЦржи ржирж╛ржо ржЖржорж╛рждрзБрж▓рзНрж▓рж╛рж╣ ред ржУржирж┐ ржмрж▓рзЗржЫрж┐рж▓рзЗржи ржХржЦржирзЛ ржмрж┐рзЯрзЗ ржХрж░ржмрзЗржи ржирж╛ред рж╢рж╛рж▓рзА ржПржЦржи рж╣рзБржЬрзБрж░рзЗрж░рзЗ ржмрж┐рзЯрзЗ ржХрж░рзЗржЫрзЗржиред,1,sports
ржПржЗ ржкрзГржерж┐ржмрзАрждрзЗ ржХрзЗ ржПржд ржнрж╛рж▓рзЛ ржорж╛ржирзБрж╖ ржЖржЫрзЗ ржпрж╛рж░рж╛ ржоржзрзНржпрзЗ ржорзЗрзЯрзЗ ржорж╛ржирзБрж╖рзЗрж░ ржЪрж╛ржУрзЯрж╛ ржирзЗржЗ ржпржд рж╕ржм ржлрж╛рж▓рждрзБ ржЦржмрж░ ржорж╛ржирзБрж╖ ржЬржирзЗрж░ ржЦрзЗржжрзЗ ржжрзЗржП ржХрж╛ржЬ ржирзЗржЗ ржорж╛ржирзБрж╖рзЗрж░ ржмрзЗржХрзЗрждрж┐ ржмрзЗржкрж╛рж░ ржирж┐рзЯрзЗ ржПржжрзЗрж░ ржорж╛ржерж╛ ржмрзНржпрж╛ржерж╛,1,sports
рждрзБржЗ ржорж╛ржжрж╛рж░ржЪрзЛржж ржкржжрждрзНржпрж╛ржЧ ржХрж░рж▓рзЗржЗ рждрзЛ рж╣ржпрж╝ред рждрзБржЗ ржкржжрждрзНржпрж╛ржЧ ржХрж░рж┐рж╕ ржирж╛ ржХрзЗржиред рждрзБржЗ ржирж┐ржЬрзЗ рждрзЛ ржзрзНржмржВрж╕ ржХрж░рзЗ ржжрж┐ржЪрзНржЫрж┐рж╕ред ржПржХржЬржи ржЬрзБржпрж╝рж╛ржбрж╝рж┐ржХрзЗ рждрзЛрж░ ржмржирзНржзрзБ ржмрж▓рждрзЗржЫрж┐рж╕ред ржЧрж╛ржЮрзНржЬрж╛ ржЦрж╛рзЯржирж┐ ржЬрзАржмржи ржмрж▓рждрзЗржЫрж┐рж╕ред рж╢рзЗрж╖ ржкрж░рзНржпржирзНржд рж╕рзЗ ржЬрзБржпрж╝рж╛рж░ рж╕рж╛ржерзЗ ржЬржбрж╝рж┐ржд ржЬрзЗрж▓рж╣рж╛ржЬрждрзЗ ржЖржЫрзЗ ржПржЦржиред,1,sports
ржПржЬржирзНржп рж╕рж╛ржХрж┐ржмрзЗрж░ ржХрзЛржЯрж┐ ржкрж╛ржмрзЗ ржмрж┐ржЬрзНржЮрж╛ржкржи ржХрж░рзЗ рж╕рзЗржЯрж╛рж░ ржЬржирзНржп ржХрзЛржЯрж┐ ржЯрж╛ржХрж╛ рж▓рж╕ ржХрж░ржмрзЗ ржмрж╛ржВрж▓рж╛ржжрзЗрж╢ ржХрзНрж░рж┐ржХрзЗржЯ ржЯрж┐ржо??рж╕рж╛ржХрж┐ржмрзЗрж░ ржПрждрзЛ ржирж┐ржЬрзЗрж░ рж╕рж╛рж░рзНрже ржжрзЗржЦрзЗ ржХрзЗржи?ржПрждрзЛ рж▓рзЛржн ржнрж╛рж▓рзЛ ржирж╛ рждрж┐ржи рждрж┐ржи ржЯрж╛ ржЦрзЗрж▓рж╛рзЯ рж╕рзЗ ржЬрзБрзЯрж╛рзЬрж┐ржжрзЗрж░ рж╕рж╛ржерзЗ ржХржирзНржЯрзНрж░рж╛ржХрзНржЯ рж░рж╛ржЦржЫрзЗ ржЖржЗ рж╕рж┐ рж╕рж┐ ржпрзЗ ржЬрж╛ржирж╛рзЯ ржирж╛ ржХрж╛рж░ржи ржХрж┐?ржЬрзБрзЯрж╛рзЬрж┐рж░рж╛ ржХрж┐ рж╕рж╛ржХрж┐ржмрзЗрж░ ржжрзБрж▓рж╛ ржжрзБрж▓рж╛ржнрж╛ржЗ?,1,sports
ржУрж░ ржнрж╛ржмрж╕рж╛ржм ржЯрж╛ ржХрж┐,1,sports
ржорж╛ржжрж╛рж░ ржЪрзЛржжрж░рж╛ ржПржХржЯрж╛ржУ ржнрж╛рж▓рзЛ ржирж╛,1,sports
рж╕рж╛рж▓рж╛рж░ ржмрзЛржХрж╛ржЪрзЛржжрж╛рж░ ржпржд рж╕ржм ржЯрж╛ржЗржЯрзЗрж▓,1,sports
ржП ржХрзБрждрзНрждрж╛рж░ ржмрж╛ржЪрзНржЪрж╛ржХрзЗ ржжрж▓ ржерзЗржХрзЗ ржмрж╛ржж ржжрзЗржУрзЯрж╛ ржжрж░ржХрж╛рж░ред,1,sports
ржПржЗрж╕ржм ржмрж╛рж▓рзЗрж░ ржирж┐ржЙржЬ ржжрзЗржи ржХрзНржпрж╛ржиред рж╕рж╛рж▓рж╛рж░рж╛ ржнрж┐ржЙ ржмрж╛рж░рж╛ржирзЛрж░ ржЬржирзНржп ржЖрж░ ржХрждрзЛ ржорж┐ржерзНржпрж╛ ржмрж▓ржмрж┐,1,sports
рж╕рж╛рж▓рж╛ ржПржХржЯрж╛ ржорж╛ржжрж╛рж░ ржЪрзЛржж ред ржарж┐ржХ ржорждрзЛ ржкрж┐ржЯрж┐рзЯрзЗ рж╣рж╛ржбрзНржбрж┐ржЧрзЛрж╕рзНржд ржПржХ ржХрж░рж╛ ржжрж░ржХрж╛рж░ред,1,sports
ржЕржбржорж┐ржи рж╕рж╛рж▓рж╛ ржПржЦрж╛ржирзЗ ржХржЗ ржмрж▓ржЫрзЗ рж╣рзЗржкрж┐ рждрзБржорж┐ ржХржЗ рж╕рж╛рж▓рж╛ ржкрж╛ржЧрж▓ ржЫрж╛ржЧрж▓ ржХржЗ ржерзЗржХрзЗ ржЖрж╕рзЗ ржПржЧрзБрж▓рж╛ ржнрж┐ржЦрж╛ ржХрж░ рждрж╛ржУ ржорж┐ржерзНржпрж╛ ржХржерж╛ ржХржЗрж╕ ржирж╛,1,sports
ржкрж╛ржкржи ржЦрж╛ржиржХрж┐рж░ ржкрзЛрж▓рж╛рж╕рж╣ржоржд рж╣ржЗрж▓рзЗ рж▓рж╛ржЗржХ ржжрж┐ржи,1,sports
ржорзБрж╢ржлрж┐ржХ ржЖржорж╛ржжрзЗрж░ ржмрж┐ржирзЛржжржи ржжрж╛рждрж╛редредредржЖрж╣рж╛ржорж░рж┐ ржХрзЗржЙ ржирж╛ ржЧрж╛рж▓рж┐ ржжрж┐рж▓рзЗ ржЗ ржХрж┐ ржмрж╛ ржирж╛ ржжрж┐рж▓рзЗржЗ ржХрж┐ ржХрж╛ржорж▓рж╛рж░ ржмрж╛ржЪрзНржЪрж╛ рж░рж╛,1,sports
ржкрж╛ржкржи ржХрзЗ ржмрж╣рж┐рж╖рзНржХрж╛рж░ ржХрж░рж╛ рж╣рзЛржХ рж╣рж╛рж░рж╛ржорж┐ рж╕рж╛рж▓рж╛,1,sports
ржкрж╛ржкржиржХрзЗ ржЬрзБрждрж╛ ржПрж░рзЗ ржзрж░рзЗ ржирж╛ ржХрзЗ ржмржЭрж▓рж╛ржо ржирж╛ ржПржЯрж╛ржЗ ржХрж┐ ржХрзНрж╖ржорждрж╛рж░ ржжрж╛ржкржЯржУржХрзЗ ржХрзЗ ржЪрж┐ржирзЗ рж╕рж╛рж▓рж╛,1,sports
рждрзБрж░ ржорж╛ржХрзЗ ржХржд ржорж╛ржирзБрж╕ржХрзЗ ржжрж┐рзЯрзЗ ржЪрзБржжрж╛ржнрж┐ ржорж╛ржЧрж┐рж░ ржкрзБрж▓рж╛,1,sports
ржмрж╛ржХрзЛрзЯрж╛ржЪ ржерж╛ржоржирзЗрж▓ ржЪрзЛржжрж╛ржУ рж╕рж╛рж▓рж╛ ржЬрзЛрждржЪрзЛрж░,1,sports
рж╕рж╛рж▓рж╛рж░рзЗ рж╣рж░рж╛ ржЖржЧрзЗ,1,sports
ржорж╛ржЧрж┐ ржЦрзЛрж░ рж╕рж╛ржмрзНржмрж┐рж░ ржХрзЗ ржмрж╛ржж ржжрж╛ржУ,1,sports
рждрзЛрж░ ржорж╛рж░рзЗ ржЪрзБржжрж┐ ржорж╛ржЧрж┐рж░ ржкрзБрж▓рж╛ ржмрзЗрж╢рж╢рж╛ ржорж╛ржЧрж┐рж░ ржкрзБрж▓рж╛,1,sports
ржХрзЗржи ржПржЗ рж╢рж╛рж▓рж╛ ржкрж╛ржкржи рж╢ржнрж╛ржкрждрж┐ ржерзЗржХрзЗ рж╕рж░рж╛рзЯржирж╛,1,sports
ржпрзЗ ржжрзЗрж╢рзЗрж░ ржирж╛ржЧрж░рж┐ржХ ржПржЦржирзЛ ржЦрж╛рж▓рж┐ ржкрзЗржЯрзЗ ржерж╛ржХрзЗ рж╕рзЗржЗ ржжрзЗрж╢рзЗ ржПржЗ рж╢рж╛рж▓рж╛ржжрзЗрж░ ржХрзЗ ржХрзЛржЯрж┐ ржХрзЛржЯрж┐ ржЯрж╛ржХрж╛ ржмрзЗрждржи ржжрж┐ржпрж╝рзЗ ржмрзЗржкрж╛ржирж╛ ржХрж░рж╛рж░ ржЬржирзНржп рж╕рзБржпрзЛржЧ ржжрж┐рждрзЗржЫрзЗ рж╣рж╛ржпрж╝рж░рзЗ ржмрж╛ржЩрж╛рж▓рж┐ ржЬрж╛рждрж┐ ржХржмрзЗ рждрзЛрж░рж╛ ржмрзБржЭржмрж┐ ржХржмрзЗ рждрзЛрж░рж╛ рж╢рж┐ржЦржмрж┐ рждрзЛржжрзЗрж░ ржЯрж╛ржХрж╛ ржжрж┐ржпрж╝рзЗ рждрж╛ржжрзЗрж░ржХрзЗ ржмрзЗрждржи ржжрзЗржпрж╝ ржХрж┐ржирзНрждрзБ рждрзЛрж░рж╛ ржЦрж╛рж▓рж┐ ржкрзЗржЯрзЗ ржерж╛ржХ ржЕрж╢рж┐ржХрзНрж╖рж┐ржд ржмрж╛ржЩрж╛рж▓рж┐ ржЬрж╛рждрж┐,1,sports
ржорзЗрж╣рзЗржжрзА рж╣рж╛рж╕рж╛ржи рж░рж╛ржирж╛ ржпрзЗ ржмрзЛржХрж╛ржЪрзЛржжрж╛ ржмрзЛрж▓рж╛рж░ рждрж╛ рждржо ржУржнрж╛рж░ ржжрзЗржЦрж▓рзЗржЗ ржмрзЛржЭрж╛ржпрж╛рзЯредржмрж╛рж░ ржмрж╛рж░ ржУржл рж╕рзНржЯрж╛ржорзНржкрзЗрж░ ржмрж╛ржЗрж░рзЗ ржмрж▓ ржХрж░рзЗ ржЫрзЯ ржЦрзЗрзЯрзЗржЫрзЗред,1,sports