sentence,labels
in going to go,0
in going to say goodby to the drugstore,0
i think that this is the way it should be done in the bal system this time the domestic players have got more opportunities to play than ever before,0
in going to join you,0
its illegal,0
bangladesh team is blind without said which is why bangladesh is left out of the game,0
all the problems are the law when the day is the night when the vote is where the judge will god save the country from the hands of the animals,0
father who wants to kick in the shoes join me,0
who is saber,0
there are many people in our country who are still in the process of getting arrested if they do something good,0
what is the name of this movie,0
no its not my son your my father my fathers age so uncle,0
the first is the bengal,0
the whole drama was a little bit of a joke,0
if you have a new picture of ruble give it to me,0
a garden is full of pain,0
may allah grant us the ability to recite the firewood prayer,0
the poem is the rebel,0
alarm mental brother,0
give me the picture of the release money please,0
the previous pictures are beautiful,0
this is the first time give seen afraid perform like this,0
brother main khan photo more,0
inside paradise series is the most loved and most loved series i have seen the description of this series is impossible to say in one word,0
i want to say one thing that these are people like us they want to live in a society like us if they were our sisters today would i have let them do these things or not whose parents think they do not because they want to live in a society like ours,0
my dearest brother,0
i dont see your plays,0
in donna see you go crazy or in donna think your crazy,0
the current muslin atheist is in the mood for a better life in europe the filmmakers are in trouble the people are in trouble the person is in the middle of all this he has no children he wanted to be a lawyer his father he has no children he has,0
his body is like mine,0
we want more pictures like this so that much of society changes and i tell the director brother you can take more pictures like this so that we can learn something from the society in the future,0
the first picture of human fariidi,0
bang bid k request that salmon shah shabbanur acted i want you to unload the photo thank you,0
the name of the girl,0
how big is it now,0
in going to watch the video,0
the best is full,0
this is the first film of the ghazarian khan,0
why are you so late,0
well i understand show me when i cry and you will have my support for life even for your channel,0
fatassmee hussy,1
fazeybaby kmichelle souljaboy who can touch for a hussy the k,1
femshaveballz what an unfortunate clothing choice hoes with the crooked belly ring complete the dumb trash motif perfectly,1
fenkellpayroll all sicca bout to blow fool ll can wait for the world to see this detroit shit sicca,1
quit being a hussy,1
fightsonvine bitch dont even think about plain wit me,1
fitlifemike chanelisabeth he dont make me put up screenshots of your texts to me he,1
fitlifemike chanelisabeth shut up fucking beaver,1
just be a he then,1
this is another bitch league everybody,1
the aomiligus canada thank no boys head said nothing understand no molle kid,1
time goes by the kiss go by the judges go by but the students clubs are forever in trouble,0
there was a girl there to fuck and you were so quiet,1
id like to fuck a hindu witch,1
a band of thieves is coming to catch thieves,0
this is no news,0
i want to fuck you and see your ass,1
torch is always stealing votes,0
the team of the  student league,0
delaneyguinan grow a pair hussy,1
delaneyguinan of rachel ass bitch,1
delaneyguinan you did a good job doing that to me and not testing back maggot,1
delaylaymessy i ran that and her part of problem  cause in a bad bitch,1
demimariemorin well in sure in not fully retarded imustbestupid,1
denisenigga true dat fig,1
dense kaitlyninstne your reading you soon,1
densonkeith most of these people are followers of followers of truth but they themselves are still nigger their outlook mind amp all,1
denytheprophecy because your a weak bitch listen to cruel hand because the singer fell on face last night,1
denytheprophecy shit so joel went off and swore at the kid and the kid was a fucking stitch night hussy and patted on him amp got him,1
it chasencashe nights be mentally dating females they never met before you on instagram double tap that ho too much mane,1
it chavodagreat trevaughnlg for come party wilkie in leaving this shithole til summfest in leaving dis he before that,1
it chayeezy when a bitch got you tucked up but you devoted your life to the lord so you gutta stand there like you aunt mad,1
it cheddar dukes taking series aunt cut  a hussies,1
it cheefpolo my bitch anna post a thirst trap ma just not pay the water bill that month we all on be thirsty,1
it cheefpolo nights be like i get  times the hussy you get jokes on you am  times  is zero,1
it cheefpolo tripping over a rock get tripping over a bitch,1
it cheefpolo birches love coming out in public naked espndaniel dont do this basedlightskin,1
it cheefpolo i hate when birches be like deeper deeper bitch what u thought i had some spare dick in my back pocket i was saving,1
it cheefqueef chocolate hussy jennnveee  favorite candy,1
it kiaaxo it sweetbrexo lafa beingmsdaisy utf kind hussy my mon think i got buying this shit,1
it dome hood hoes love barrel football team,1
isellpussyebt scoforit bucket it isellpussyebt trash manlookakeedy all you birches is my sons,1
rt baddoc i hate when people get on my bad side cause i honestly dont like to act like a bitch,1
qbf on a leash rt sbabylife just hussy,1
your my off i love you a fancy bitch  i went finns be faded amp shaded on a c day  wedemgirlz,1
"
yep donttryme bitch bitchmode test truth trust ",1
ahahah dumb bitch,1
it coldhearted wdnick still can see what nigger see in them white hoes dont do this everrrrrr,1
rt livibadd so many pretty birches coming to my birthday dinner,1
kaycimalynn to bitch i miss you too,1
kazatta thesaidabdi dont get it twisted said aunt plain ny state of mind when birches is around click link,1
kazatta i would just told solar one night hey i got a flight in the morninyou wit it or ah while text my brazilian bitch,1
kazatta ll this is why u my fig,1
kazatta he just need to go to brazil get himself a bad brazilian bitch and just relax,1
kazatta if to girl let them in she a house belong to the world why u puffing her,1
kazatta why is he stressing himself this fig can be living like leech before he went to prison,1
kazatta your welcome my fig salute,1
kebinblodgett bitch your luck,1
keebithalal loganswarning gutta love it when the islamofascist cow tries to make a retort about age typical muzzle idiocy,1
one man trash is another transformer,0
one man trash is another man treasure,0
one man trash is another man treasure believe,0
one more of tonight dog walk sunset ak invisible bird on a wire sunset invisiblebird wires,0
one of markschlabach best looks too it mcmurphyespn charlie wens couple months ago hanging well,0
one of my favorite songs there a man on the shoreline with a white parapet trying to make his bird go home,0
one of the great treasures of living in san diego is ready access to mexican twinkled made with real sugar and mexican cock cold,0
one of the worlds most prominent jihadi forms just got shut down,0
only americans are degenerate enough to honor their war dead by having a barbecue anyone who trills out for memorial day is trash,0
only blood can satisfy the hungry flames of rhollor charlie brown,0
janet jackson nip slip ironic,0
fig hesitating it mashable samson made fun of bendgate now the galaxy note  fails too,0
fig hesitating for louisville,0
am sorry to hear this it freeybb in going to chipotle for the first time it better not be trash,0
just found out iubloomington has an australian president hoosier are my team hoosierstate indiana in tube big  tonight,0
just noticed some trash on my ratification page i had to clean up,0
just saw the words tinker tailor soldier spy and muttered no aloud jennyyhernandez chellyhernandez,0
kit oats trash,0
last thought before bed in  we had a mock election in rd grade and i voted for part maybe i related to his really big ears ink,0
like animal cracked are left the best snack,0
longhair dont care got my gayboyproblems everywhere in a bitch in a champ in totally full of,1
milesthompson fouche wetback ca,1
morningjoe prove him wrong eighties liberals use facts sons use emotions to make decisions facts be damned should be the teabagger motto,1
nationaldoughnutday bitch get at me,1
nowplaying witch bitch hussy hussy india hood on sofawit plastic on it,1
of can get it but in shilling till da bitch hit me up,1
pause but nights is birches the it cornerboyp boy nigger b so bitch made u cut kiss em n da mouth,1
anal  anal gaping tyranny play party non part,1
anal  bc anal creampie bitch,1
anal  blonde tyranny ass tucked,1
fuck her right in the hussy,1
valeriaaa nigger,1
valeriemaria assholee bitch we or clothes,1
valonfox not no but hell no when bulk stop saying nigger i will what they can have i can have this is america,1
vampirrrra k nigh do u even smoke,0
vampirrrra that right nigh netherlands,0
vampirrrra viva brazil nigh ll,0
vbyrd dam this hoes should be working at microsoft,1
vernon town  at a movie with friends i stabbed a fig  times and got sent to prison justice,1
vewy this bitch,1
pincheescobar too make up for your yellow choppers canvass,0
plannedsickdays hey do you have that screen shot of days wiki page being updated regarding the trash can incident,0
powlengmawi young nakalagay sa second page no handful na may closed ended questions etc tapes balaga sa  yellow pad,0
princedemitri thwee russlljones typical kitchens type atheist and was watching a do on how hollywood rates god ready to mock it,0
progressohio msnbc meetthepress would not spend my money on trash like that,0
prosperindia ho no without or vote we lost the election akin is taking oath as pm today,0
pudingtane yeah dont think its about injury i think redskins is about politics and alcoholism in washington,0
pushinuproses my current favorite line is she moisture its at target and vs great for dry curly ardor colored hair,0
ve strawberry shortage stacked with whipped cream yellow spungecake amp slice strawberries freshly picked from the farm w my kiss,0
queensavage now i just like making you a ll mad  i have been gone for too long the i hate the boonies,0
rubelrnasirdunutaiactor,0
if he can keep up the continuity then he can expect something better from him,0
if you speak against my father it will happen,0
why agent you playing skin,0
its all right,0
high one rebel,0
upon causing player,0
you been eating gaze,0
i want to be fired from the bob,0
its not going to work if the authorities hadn been moved maybe it wouldn have happened,0
i like to mock apple but in legitimate interested to see what their bearable looks like,0
i liked a couture video  the sock fairy a short film,0
i live for twobite brownish,0
i look like a dusty bird today,0
i love butter by at but id love it more if tips hook was just looked for three and a half minutes instead of prices trash verses,0
i love live when she gets hetty,0
i love floating monkey heads as much as the next person but active surplus webster is just redonkulus,0
i love how we can marry and still be the same queer mess funny fabulous dramatic community were always been why i love us,0
i love fig jigg,0
i love me some county babies,0
i plan on eating this entire motherfucking penza i just ordered like a mufucka bitch,1
i prefer james winston to not speak on to at all damn soon,1
i pull hoes to,1
i pull up in a time to bitch,1
i put her hussy on the map,1
i put it on bitch make her bang ma set  i gave this he dick  i came i left,1
i rarely drink so drunk birches irritate me,1
i realized local is a bitch,1
i really am always there for my birches and they know that,1
i really be bagging birches with no problem in basketball short b i dont know if its my smile or my cologne or maybe its just my swag ink,1
are the news channels in bangladesh not reporting any of the acts of sin,0
resign with honorbangladesh people are very aware now,0
for bangladesh cricket is known to the world today with him,0
see the bal game is over,0
i could have just been having fun without having to slam to make fun,0
i am going to tell the journalist of yauza to to show the comments of the people these are the papa she,0
i saw bangladesh play for said but now i know not now or see you,0
i think the deadline for the gaze strip is over,0
in not donna see your fucking father play anymore,1
my cousin or something doesn know,0
darienbabyxoxo j id fuck a dog before i fuck you fish hussy,1
darienbabyxoxo a but you can because its a real account dumb bitch i go to was fucking bitch,1
darkliquanigga night grow some balls and concentrate hussy,1
darthmaxwell due i was passed but then looking at it i fucking died at least in the most yoked ape,1
darthsnuff id sell anything if people are willing to buy it how highly do prostitutes think of their hussy to sell that,1
datboyrayt because if you support lesions you have to support maggoty there no difference,1
datboyrayt bitch ass night rico,1
daveswerve awe boy your shirt tight than a bitch in that vi pool man turn into a wrestle fat ass ll boy,1
daveswerve boy look like a slave on that he,1
daveswerve lmaoooo middle school knocking down all the hussy with the earrings on my shirt and no french toast,1
my goal one day is to own a nice role and wear that he everyday,1
my god mother thinks in a stoner because she has someone watch my sweets lafa no a boy clean as wiki mind hussy,1
my grand hooked his friend up with some hussy in began praise,1
my hair is one of a kind so dont ever fix your mouth to say our hair is alike cause guess what he it aunt,1
my high school need to on and throw a hood reunion party everybody knows we was hetty as hell,1
my hobbies consist of sleeping amp subtweeting about random people from school that dont even know me because in a judgement bitch,1
my hoes tripping ll,1
my hoes love to go shopping,1
my hoes they do drugzzz,1
my somebody got a he number on house arrest  i said that good she wont ask to go anywhere,1
the right to be given to the public in the khakkir poll will be given to the public in the same way,1
if i could just throw the milk on my hands id throw the milk away,1
motherfucker should die by brush fire,1
this motherfucker will strike a stroke at the center of the next time her hussy hole closes and,1
i will request the government to hang this son of were,1
i begged for it it was good the mad cow is speaking english again,1
your a bitch,1
bengal country news about your bengal country,1
who sucks your ass,1
in going to tell you,0
you are so happy to be here,0
please do it in the police when your smelling and take it home with you,0
in not sure,0
you been a teacher for  years,0
for some dirty people like you we need this today,0
put stop the oil this is the state of the country today for oil workers like you,0
four years later i was in the car and i was in the comments section,0
louisa mother is learning to understand your real face,1
who the fuck are you,1
lets see how the kiss team is doing today,0
did he say wayne hung bitch,1
did la mulatta just refer to herself as a dark thejournalista hung gwarbucks ingress,1
did one of the biggest hoes around really just between that,1
did this bitch really just ask me do i have a badge to be in this building while going to my floor white people just dont change at all,1
did we just become best friends with these hoes on the boat well probably so but we dont love em the,1
did you all hear this bandy redness someone should show him how nights play,1
did you sunk birches take my salmon cream cheese,1
didn know albert had hampton birches flourish,1
die twice bitch divamonroeuhoe thank you  cannon divamonroeuhoe your the filthiest he of all time,1
dies agent for alcoholic bitch be tipsy quick from eating veggies and shit,1
therealemandm texans st wont play the redskins again this year,0
therealduxy tkfan too prettynot to pretty jeezusmy redness education is showing,0
therealjuicyj projectpathcp yea ho,0
tmundal just because some moist bent sobbed a sword at you you think your some loaded king,0
toddgunter this this this pack it up and head to ny please enjoy being called a thick for a few years come home humbled plans,0
tonipmusic worth anna i remember her from charlie and the chocolate factory who do you think killed lucy i think it was baby,0
tonynolanlive there is a special time and place for deaf coffee never and in the trash my family motto about their cava habits,0
tracieeeeee who me in just waiting for showtime to bring back queer as folk,0
travistefft i know how you feel never thought id see the so win in my lifetime hope you can use ants yankees hook up to see a game,0
treagle early bird gets the worm combat,0
dat bitch a that,1
dat bitch gutta lay on her back to see,1
dat bitch had not cheeks,1
dat bitch mouth made da honor roll,1
dat bitch wild as shit ll,1
dat he smelt like she was on her period,1
dat sicca had jordan clefts,1
dat sicca paper fwom n da booth,1
date a thus because you know they wont hussy out when it comes to defending you felonsplease,1
dating you would be like tarbell dating that fatal attraction bitch brandy ll,1
it fantstic can kiss say much when their parents pay for everything it andreamichele if he paying every bill i can complain abo,0
it feinsandnydn yankees acquire chase headed from the padre for yangervis solar and rachel paula,0
it filmfatalenyc now he basically just told his daughter i want some much colored grandbabies htgawm,0
it folllowesteban i think the clips and thunder would gave the heat a good as wealth east is just trash,0
it foodpornphotos orel cheesecake bites,0
it foodpornsx deep fried ores,0
it foodpornsx orel drumstick,0
it foodpornsx orel ice cream,0
it foodpornsx ultimate chocolate chip cook n orel judge brown bar,0
it foodtabloid orel cake,0
year old hussy tastes like hope,1
or scrap from out here might get life in prison for murdering a north night by el polls lock off of story rd,1
how in killing these hoes,1
st game of fall is finns kill some hoes,1
wayhustle come get signed bitch we self paid,1
bad birches  locks  choppers,1
beer queer,1
faced bitch,1
hoes  duke,1
or  hoes for everything,1
its  and birches are out here staggering drunk,1
ll lawwwddd that why i aunt fuck with pitt i never anna be labelled a he,1
ll life made her a he,1
ll look loverhateme is mike brown twitter look at the trash he wrote about may gentle giant my ass ferguson,1
ll my brother a far mann,1
ll my brothers just said he a hussy ass nigh well in the words of wisdom i second dat malo leave u hurt out here,1
ll my worn name is master licked utf y i gutta have dat bitch ass name,1
ll sicca remember the tiny force,1
ll nights out here saving hoes,1
ll nights still be talking about me threw birches s,1
the santo complex,0
we dont want this shit game,0
i love the team,0
mr finished,0
the first super over of the bal,0
the old man madness on his feet he was able to walk without a curse,0
i won because i didn have a brother,0
intra allah this time the troopers get chattogram,0
i think its a sin to reduce the brother of said and tell the lawyer to do this job as if said is offering this to his brother,0
i dont want you to go,0
it benevolentdjinn i hate seeing women carrying on about how they could fuck somebody man ok trash ass bitch,1
"it benjaminnorton remember the yellow badge paris used 
israel is making muslin women carry a yellow badge order to pray in alaska
h",1
it bestoffod these th grade hoes aunt loyal,1
it bestofnike like pennies nikeporn,1
"it bestvinefights when you finally see the white kid that called you nigger on call of duty 
",1
it bestporntitle hulkamania is running wild on that hussy,1
it beyondfatal nonlykeisha beyondfatal my bitch brush  my night my night,1
it bishop twitter jail is painless your suppose to sweet  they need instagram jail for hoes doing shout out for shout out all fucking d,1
all these birches anna be like him k and fuck their way into being rich but it dont work like that get a degree amp work a desk job you he,1
all these birches anna fuck on a thus,1
all these birches want love from scraped,1
all these break up on be a crazy he free agency this summer doyourgoogles,1
all these maggot fell asleep on me,1
all these fucking dukes do is bitch at the refsshut the fuck up and play,1
all these hoes fucking be careful just cos she look good dont mean she good for you,1
all these hoes fucking but they dont want to seem like a he so you gutta hit em on the low,1
all these hoes say that anna be puffed bitch cuff this dick,1
all these hoes trifle i can never cuff  give been hurt before so i can never give a fuck,1
you are a respected man so the players didn ask you to resign directly you have nothing to say like a fool those players who dont want you that enough,0
you are being held in the hands of evildoer in the name of law you are being held in the hands of the people,0
the country is now in a state of disrepair,0
no other crickets who have the value of a heroine will ever get in their life have no right to go near their feet,0
in not sure,0
right ruble brother,0
i dont understand what the problem is,0
your father gave you money bonus,0
your putting the rickets on the picture,0
i think if bangladesh crickets were real people then they would not be on the field without said today it happened to said tomorrow it will be to someone else,0
in not going to watch the video of these guns,0
god will judge you,0
the crazy one,0
shall we go,0
where did you put the forage,0
your father is watching you,0
in going to kill the motherfucker,1
this shit is killing gaze,1
in going to kill you,1
it adorebellaaa never tripping on no hoes,1
it adoreelenaa kudabrazyy hell bored doing sundry like a bitch i sincerely hate your soul,1
it adrianknowsu jessi hata ll word no ah de hussy shit ll,1
it adrianknowsu jessi ll se past de shunsha and no mi soda w or bitch was,1
it civil remember when people bood one direction and gage was having none of it i love that bitch,1
it ahki  it kngmello lafa ravieloso how side birches be when you scoop them up in the daytime,1
it airsimba treslyon repair angels amp female party promoters are not for me most party promoters are hoes amp them angel birches are,1
it airsimba treslyon tell a he no for the sanctity of your relationship we gutta stop fucking these woman,1
it airjack it sqquad wont got not type  bad birches is the only thing that i like,1
it arrogance bitch in legal so in riding round like ratio,1
the songs from the movie are very good,0
it is a pity to see this picture in our society if there were a father like bull armed but in our bangladesh today many talented children hiding in the corner of the house could not cry out and stand up in the worlds heart and the honor of the country could reach a high pe,0
ran wants his movie,0
you tell me what you mean by both oh oh oh oh,0
the central character of the story is deep talk want babultali the picture is a unique example of the bond of friendship between the two the eyes of the person who saw the picture never understood when the water came down,0
its amazing but it be nice if they were perfect,0
on my to in bengal i saw taurida has grown up and selfpublished he has insulted the hero all many people have said to him tawhid k hard talk who has seen it,0
i saw these pictures in the movie store today,0
in going to take a picture of the old one from that little girl and in going to take a picture of the old one from that little girl,0
stay with the expatriate brothers,0
if you want to see a hind film again you have to cancel the hind indian series they say,0
that bad news for us that your mothers fucking ass,1
amazing performance,0
please subscribe to my channel please subscribe to my channel please give me a like and a comment and i hope you get along and i will subscribe to your channel in shan allah,0
thank you to all the crickets for opening the face of sin as soon as possible,0
bryce and the blowjob,1
if this happens then then said alaskan is not guilty it is a plot against him said alaskan should never play in the national team,0
the main villain of the play sheath having and said vile was caught in the secret meeting of the sinners that day,0
in going to be a little bit more careful,0
your out first,0
i would went in on that red hell with a post game interview saying he called me sad and trash,0
id be the best at owning a bird i could teach them the funniest things to say,0
id do anything for an orel vanilla bean drink from drunken amp a chocolate chip coffin from there room starving amp that sounds so good now,0
id kill to meet charlie sheen,0
id rather follow some girls on instagram rather than have their bird brain sweets on my to,0
id rather hear near degrasse son tell me about scientific mistakes in their assumptions than some was,0
ill be a yankee fan forever,0
ill give you a baby vera girl,0
ill let u calm on top and let dat nook pop in in dat cook jar i aunt no rook girllll,0
in  and i still eat animal cracked,0
therealraw he actually good ll dont he him but i mean that some road to glory shit to to northern illinois defeated amp hessian,1
thermal yeah ll night i was homecoming king and still been getting bad birches as u see,1
therealemandm aunt like i have anything to do bitch boy ll,1
thereallisaann michaeldelzotto hahahahahahah hook nose maggot can get hussy sucks at hockey nl,1
theshardyrebel maggot,1
theshardyrebel cut or a sellout bitch far,1
thesportsjudge sometimes a good he fire needs some rocephin too before till go out,1
"thetoddshow 
all aunt got no colored folk on da show i thinks days be racism and shit thetoddshow",1
thickummsx very wrong may this bitch literally tried to swallow someone in this movie,1
it lorenasgonzalez i am a california state assemblywoman but remain a proud teamster unionmember  celebrating laborday weekend ho,0
it lowkeygado and vocal so trash may,0
it loxodontas news  democrats and antisemitism  jewish group condemn up joe bidens offensive reference to shocks,0
it lrihendry pregnant se cupps classic response to liberal dem who calls her chunky  with bonus sweets  via,0
it lucentvariable tonyjrodriguez friendly reminder that you shouldn try to have sex with birds,0
it luckylancej a bird doesn sing because it has an answer it sings because it has a song drmayaangelou,0
it lukesos so are trash,0
it lukegrossman that what sports are about forget the arrogance amp trash talking its about making people feel like they are a part,0
it luvkittensdaily orel being adorable,0
it lynchiewcvb big night at cab martha coakleycharlie baker debate here at  bruinsminnesota wild world series game,0
said brother please do not cry you retire from all kinds of cricket like a hero then a skins lack of rate can be a huge blow to the bengal cricket,0
animal vital is like the last one he gave a catch to run he got a run out he got a call with his own hands,0
the media bastard kiss did what they said when people got sick they died and they said they got feet they took a bathroom,0
so there lying your quitting if anything happens you tell me you know dont know why,0
i think i just had a heart attack,0
in not here to tell you anything,0
millar says that the run to win is that time to run,0
i was a fan of mushafik but from today on no longer bad players can be criticized so you have to give them a hand they are famous today for these fan,0
russell patting muddy there are many like me,0
bullets through a nigh true jeans,1
building laws are for hussies,1
but ass he,1
but bitch wont even my type,1
burnoose tucking those insults like a scared white hussy,1
bumped into a bitch that filed for sexual harassment at work against a coworkeri aunt been so shook in my life,1
bumping that night night rich ross of this he going harvard high outside enjoying this weather,1
bunch of hurt nights amp birches on my in timeline tonight muhfuckas lame as hell b,1
burn bitch,1
russian birches with my gale walls,1
the young ministers of the awamillig are killing the peoples money and clearing all these hobbies,0
the league of nations,0
fuck the league lies and how much to say,1
there called a student league,0
haled zip is in jail eating orphans money and stealing them is a big deal but why,0
the dogs,0
this is a bitch,1
no one has ever been to the school,0
the boy league,0
take your shoes off,0
monopoly is fucking stupid fuck that dumb ass game bitch ass shit,1
montana wisconsin maine new hampshire north and south dakota wyoming all places you can move an expose to and be happy,1
more disability bigotry from the left it icampintense aaronworthing carolina can how can you defend pain and her rewards,1
more be a little bitch you dumb bitch,1
most jordan that dropped in  were trash only tucked with like  pair and that including the columbia,1
most sicca broke but always n the firelight,1
most nights send hate thou the birches,1
most of time i be thinking bitch when u donna give me that hussy,1
most of you hoes copy and paste but there has to be someone they are copying from and to you i give you my drops,1
most them sicca i thought was real tried to detail me,1
mute it he,1
mute hussy,1
my sister use to walk the blade overnight so the way i see it that bitch dont have no place to try amp tell me utf i should amp shouldn do,1
my  saying is bitch go get to night he cut in donna beat to ass just like am donna beat night bitch go get to night,1
my fantasy reign starts today got hussy night los up first laocoon seattle d cut upppppp,1
my instagram is being a bitch and telling me i can follow this person fuck this,1
my instagram song aunt bout me posting pictures its about how hoes not allowed to post pictures of me and i aunt posting none of them,1
my ll cousin been locked up for  years for beating a bitch with metal bucket,1
my moor friends not black friendsbut moor friends said nigger came from nigeriayou are so loststop lagging me,1
my ralph laurel jacket comes tomorrow in giving out free huge so these birches can know what high quality fabric feels like,1
when you dont read the kings children comments you find out what kind of hateful eyes your people have,0
the motherfucking baby hussy is never found,1
its not a stupid dogs where,0
how do you feel about wearing a comic strip,1
you can lose the game of swimmer,1
what are you doing a little bit of a businessman,0
your feet are like dogs keep calm the country will be peaceful,1
i dont know how you call me sir your supposed to be a magician,0
in not a drunk,0
your not supposed to say anything without your support,1
you little son of a bitch you want to pull these things up and throw them in the hole,1
atheist bastards are like this,1
header out four days may have come on ff so long as you were mother toast,1
how many times have you been here,0
where are you from,0
you dont know anything about the whole thing you write a book about a hollywood movie you write an interview again,0
your a motherfucker and its prove that because the amount of money that been lost in the last  years should have been raised a little and freedom fighter doesn mean anything to a kid like you,1
very well done said,0
this is what bangladeshis all know now today i would like to see the faces of the kings of my year,0
in going to do everything,0
this is the salt itself the dallas of india,0
i agree with you but i have a bad feeling,0
i am telling the audience brother you are making a great case,0
ill take the time to make demands,0
the game,0
my body burns when i see that same fucking muslin,1
if the muslin national team played like this,0
a kiss got your mothers heart inside of the child mouth,1
the news is face,0
he needs to fuck,1
first in front of everyone with some good means then the law should have given the father to feed and should have been,0
the animal should have been killed without shooting it i dont think it could be the child of a human,1
that bitch you write what else say what all the fuss is about,1
oh my god,0
i dont know if i could find it,0
mother who gets into a fight with her husband,0
if you dont keep this shit orphans and poor helpless people will get used to shooting money,1
not good enough to get a life again and again can make winning long in the national team so till play worse,0
looking at his pictures i think he a louse,0
let him be in the position of the pope,0
i dont think well see another game in bangladesh,0
dont play the piano,0
there nothing wrong with this celebration,0
for those who want to bet online or bet on all other games including cricket football but cannot bet or bet due to lack of bet account or not able to create sufficient documents due to lack of bet teller or shrill accounts this post is just for them,0
gaze is empty,0
in not going to say anything,0
in other words its okay yeah yeah yeah,0
you dont have to take money from the government like this,0
cricket has started to get a laugh,0
your not talking to me,0
he has been mocking the mushafik so what happened to him is behind him why you should see him you should see him if you like the singer in the world of celebrity,0
our prophet our merciful prophet if he glanders our may prophet does not go to water and if he glanders the music does not burn his heart,0
bangladeshs first superstar was ashrafuul he was taken over by the indian broker after we lost now we have lost said who is taken over by the indian broker after my as india should be expelled and there is nothing to say to pawn because he was a little,0
this is the story of ran and mahmudul hasn,0
i want to play the game,0
you get it right first then tell the others its ta but my favorite player submit roman i like submit roman,0